site_id,lat,lng,alert_name,severity,urgency,certainty,headline,onset,expires,sender
"4132733","39.74394","-105.02009","Freeze Warning","Moderate","Expected","Likely","Freeze Warning issued May 6 at 12:38AM MDT until May 7 at 8:00AM MDT by NWS Denver CO","2026-05-06T20:00:00-06:00","2026-05-06T15:45:00-06:00","NWS Denver CO"
"4132733","39.74394","-105.02009","Winter Storm Warning","Severe","Expected","Likely","Winter Storm Warning issued May 6 at 12:37AM MDT until May 6 at 3:00PM MDT by NWS Denver CO","2026-05-06T00:37:00-06:00","2026-05-06T12:45:00-06:00","NWS Denver CO"
"5907513","39.85335","-105.09763","Freeze Warning","Moderate","Expected","Likely","Freeze Warning issued May 6 at 12:38AM MDT until May 7 at 8:00AM MDT by NWS Denver CO","2026-05-06T20:00:00-06:00","2026-05-06T15:45:00-06:00","NWS Denver CO"
"5907513","39.85335","-105.09763","Winter Storm Warning","Severe","Expected","Likely","Winter Storm Warning issued May 6 at 12:37AM MDT until May 6 at 3:00PM MDT by NWS Denver CO","2026-05-06T00:37:00-06:00","2026-05-06T12:45:00-06:00","NWS Denver CO"
"4372590","39.68038","-104.80608","Freeze Warning","Moderate","Expected","Likely","Freeze Warning issued May 6 at 12:38AM MDT until May 7 at 8:00AM MDT by NWS Denver CO","2026-05-06T20:00:00-06:00","2026-05-06T15:45:00-06:00","NWS Denver CO"
"4372590","39.68038","-104.80608","Winter Storm Warning","Severe","Expected","Likely","Winter Storm Warning issued May 6 at 12:37AM MDT until May 6 at 3:00PM MDT by NWS Denver CO","2026-05-06T00:37:00-06:00","2026-05-06T12:45:00-06:00","NWS Denver CO"
"3237629","40.27814","-105.12558","Freeze Warning","Moderate","Expected","Likely","Freeze Warning issued May 6 at 12:38AM MDT until May 7 at 8:00AM MDT by NWS Denver CO","2026-05-06T20:00:00-06:00","2026-05-06T15:45:00-06:00","NWS Denver CO"
"3237629","40.27814","-105.12558","Winter Storm Warning","Severe","Expected","Likely","Winter Storm Warning issued May 6 at 12:37AM MDT until May 6 at 3:00PM MDT by NWS Denver CO","2026-05-06T00:37:00-06:00","2026-05-06T12:45:00-06:00","NWS Denver CO"
"4741292","40.02012","-105.14411","Freeze Warning","Moderate","Expected","Likely","Freeze Warning issued May 6 at 12:38AM MDT until May 7 at 8:00AM MDT by NWS Denver CO","2026-05-06T20:00:00-06:00","2026-05-06T15:45:00-06:00","NWS Denver CO"
"4741292","40.02012","-105.14411","Winter Storm Warning","Severe","Expected","Likely","Winter Storm Warning issued May 6 at 12:37AM MDT until May 6 at 3:00PM MDT by NWS Denver CO","2026-05-06T00:37:00-06:00","2026-05-06T12:45:00-06:00","NWS Denver CO"
"3553000","40.09103","-105.33312","Winter Storm Warning","Severe","Expected","Likely","Winter Storm Warning issued May 6 at 12:37AM MDT until May 6 at 3:00PM MDT by NWS Denver CO","2026-05-06T00:37:00-06:00","2026-05-06T12:45:00-06:00","NWS Denver CO"
"3553000","40.09103","-105.33312","Winter Storm Watch","Severe","Past","Observed","The Winter Storm Watch has been replaced. Please see the latest information from NWS Denver CO on this developing situation.","2026-05-05T00:00:00-06:00","2026-05-04T01:06:24-06:00","NWS Denver CO"
"5862792","39.98991","-105.23808","Freeze Warning","Moderate","Expected","Likely","Freeze Warning issued May 6 at 12:38AM MDT until May 7 at 8:00AM MDT by NWS Denver CO","2026-05-06T20:00:00-06:00","2026-05-06T15:45:00-06:00","NWS Denver CO"
"5862792","39.98991","-105.23808","Winter Storm Warning","Severe","Expected","Likely","Winter Storm Warning issued May 6 at 12:37AM MDT until May 6 at 3:00PM MDT by NWS Denver CO","2026-05-06T00:37:00-06:00","2026-05-06T12:45:00-06:00","NWS Denver CO"
"3479083","40.03933","-105.30054","Winter Storm Warning","Severe","Expected","Likely","Winter Storm Warning issued May 6 at 12:37AM MDT until May 6 at 3:00PM MDT by NWS Denver CO","2026-05-06T00:37:00-06:00","2026-05-06T12:45:00-06:00","NWS Denver CO"
"3479083","40.03933","-105.30054","Winter Storm Watch","Severe","Past","Observed","The Winter Storm Watch has been replaced. Please see the latest information from NWS Denver CO on this developing situation.","2026-05-05T00:00:00-06:00","2026-05-04T01:06:24-06:00","NWS Denver CO"
"3873813","39.9871","-105.2675","Freeze Warning","Moderate","Expected","Likely","Freeze Warning issued May 6 at 12:38AM MDT until May 7 at 8:00AM MDT by NWS Denver CO","2026-05-06T20:00:00-06:00","2026-05-06T15:45:00-06:00","NWS Denver CO"
"3873813","39.9871","-105.2675","Winter Storm Warning","Severe","Expected","Likely","Winter Storm Warning issued May 6 at 12:37AM MDT until May 6 at 3:00PM MDT by NWS Denver CO","2026-05-06T00:37:00-06:00","2026-05-06T12:45:00-06:00","NWS Denver CO"
"3355996","39.8959","-105.06787","Freeze Warning","Moderate","Expected","Likely","Freeze Warning issued May 6 at 12:38AM MDT until May 7 at 8:00AM MDT by NWS Denver CO","2026-05-06T20:00:00-06:00","2026-05-06T15:45:00-06:00","NWS Denver CO"
"3355996","39.8959","-105.06787","Winter Storm Warning","Severe","Expected","Likely","Winter Storm Warning issued May 6 at 12:37AM MDT until May 6 at 3:00PM MDT by NWS Denver CO","2026-05-06T00:37:00-06:00","2026-05-06T12:45:00-06:00","NWS Denver CO"
"5500160","39.9192","-105.06066","Freeze Warning","Moderate","Expected","Likely","Freeze Warning issued May 6 at 12:38AM MDT until May 7 at 8:00AM MDT by NWS Denver CO","2026-05-06T20:00:00-06:00","2026-05-06T15:45:00-06:00","NWS Denver CO"
"5500160","39.9192","-105.06066","Winter Storm Warning","Severe","Expected","Likely","Winter Storm Warning issued May 6 at 12:37AM MDT until May 6 at 3:00PM MDT by NWS Denver CO","2026-05-06T00:37:00-06:00","2026-05-06T12:45:00-06:00","NWS Denver CO"
"5591907","39.97661","-105.03059","Freeze Warning","Moderate","Expected","Likely","Freeze Warning issued May 6 at 12:38AM MDT until May 7 at 8:00AM MDT by NWS Denver CO","2026-05-06T20:00:00-06:00","2026-05-06T15:45:00-06:00","NWS Denver CO"
"5591907","39.97661","-105.03059","Winter Storm Warning","Severe","Expected","Likely","Winter Storm Warning issued May 6 at 12:37AM MDT until May 6 at 3:00PM MDT by NWS Denver CO","2026-05-06T00:37:00-06:00","2026-05-06T12:45:00-06:00","NWS Denver CO"
"3917995","39.35481","-104.84993","Freeze Warning","Moderate","Expected","Likely","Freeze Warning issued May 6 at 12:38AM MDT until May 7 at 8:00AM MDT by NWS Denver CO","2026-05-06T20:00:00-06:00","2026-05-06T15:45:00-06:00","NWS Denver CO"
"3917995","39.35481","-104.84993","Winter Storm Warning","Severe","Expected","Likely","Winter Storm Warning issued May 6 at 12:37AM MDT until May 6 at 3:00PM MDT by NWS Denver CO","2026-05-06T00:37:00-06:00","2026-05-06T12:45:00-06:00","NWS Denver CO"
"1661265","39.39152","-104.88286","Freeze Warning","Moderate","Expected","Likely","Freeze Warning issued May 6 at 12:38AM MDT until May 7 at 8:00AM MDT by NWS Denver CO","2026-05-06T20:00:00-06:00","2026-05-06T15:45:00-06:00","NWS Denver CO"
"1661265","39.39152","-104.88286","Winter Storm Warning","Severe","Expected","Likely","Winter Storm Warning issued May 6 at 12:37AM MDT until May 6 at 3:00PM MDT by NWS Denver CO","2026-05-06T00:37:00-06:00","2026-05-06T12:45:00-06:00","NWS Denver CO"
"5630106","39.57928","-104.7816","Freeze Warning","Moderate","Expected","Likely","Freeze Warning issued May 6 at 12:38AM MDT until May 7 at 8:00AM MDT by NWS Denver CO","2026-05-06T20:00:00-06:00","2026-05-06T15:45:00-06:00","NWS Denver CO"
"5630106","39.57928","-104.7816","Winter Storm Warning","Severe","Expected","Likely","Winter Storm Warning issued May 6 at 12:37AM MDT until May 6 at 3:00PM MDT by NWS Denver CO","2026-05-06T00:37:00-06:00","2026-05-06T12:45:00-06:00","NWS Denver CO"
"5299805","39.01761","-104.74197","Winter Storm Warning","Severe","Expected","Likely","Winter Storm Warning issued May 6 at 12:55AM MDT until May 6 at 6:00PM MDT by NWS Pueblo CO","2026-05-06T00:55:00-06:00","2026-05-06T09:00:00-06:00","NWS Pueblo CO"
"5299805","39.01761","-104.74197","Freeze Warning","Moderate","Expected","Likely","Freeze Warning issued May 6 at 12:55AM MDT until May 7 at 8:00AM MDT by NWS Pueblo CO","2026-05-07T00:00:00-06:00","2026-05-06T09:00:00-06:00","NWS Pueblo CO"
"3556630","39.05602","-104.81259","Winter Storm Warning","Severe","Expected","Likely","Winter Storm Warning issued May 6 at 12:55AM MDT until May 6 at 6:00PM MDT by NWS Pueblo CO","2026-05-06T00:55:00-06:00","2026-05-06T09:00:00-06:00","NWS Pueblo CO"
"3556630","39.05602","-104.81259","Freeze Warning","Moderate","Expected","Likely","Freeze Warning issued May 6 at 12:55AM MDT until May 7 at 8:00AM MDT by NWS Pueblo CO","2026-05-07T00:00:00-06:00","2026-05-06T09:00:00-06:00","NWS Pueblo CO"
"5347540","38.96732","-104.70139","Winter Storm Warning","Severe","Expected","Likely","Winter Storm Warning issued May 6 at 12:55AM MDT until May 6 at 6:00PM MDT by NWS Pueblo CO","2026-05-06T00:55:00-06:00","2026-05-06T09:00:00-06:00","NWS Pueblo CO"
"5347540","38.96732","-104.70139","Freeze Warning","Moderate","Expected","Likely","Freeze Warning issued May 6 at 12:55AM MDT until May 7 at 8:00AM MDT by NWS Pueblo CO","2026-05-07T00:00:00-06:00","2026-05-06T09:00:00-06:00","NWS Pueblo CO"
"4028410","38.9772","-104.72322","Winter Storm Warning","Severe","Expected","Likely","Winter Storm Warning issued May 6 at 12:55AM MDT until May 6 at 6:00PM MDT by NWS Pueblo CO","2026-05-06T00:55:00-06:00","2026-05-06T09:00:00-06:00","NWS Pueblo CO"
"4028410","38.9772","-104.72322","Freeze Warning","Moderate","Expected","Likely","Freeze Warning issued May 6 at 12:55AM MDT until May 7 at 8:00AM MDT by NWS Pueblo CO","2026-05-07T00:00:00-06:00","2026-05-06T09:00:00-06:00","NWS Pueblo CO"
"5323323","39.90525","-104.85607","Freeze Warning","Moderate","Expected","Likely","Freeze Warning issued May 6 at 12:38AM MDT until May 7 at 8:00AM MDT by NWS Denver CO","2026-05-06T20:00:00-06:00","2026-05-06T15:45:00-06:00","NWS Denver CO"
"5323323","39.90525","-104.85607","Winter Storm Warning","Severe","Expected","Likely","Winter Storm Warning issued May 6 at 12:37AM MDT until May 6 at 3:00PM MDT by NWS Denver CO","2026-05-06T00:37:00-06:00","2026-05-06T12:45:00-06:00","NWS Denver CO"
"6116371","39.73447","-104.95203","Freeze Warning","Moderate","Expected","Likely","Freeze Warning issued May 6 at 12:38AM MDT until May 7 at 8:00AM MDT by NWS Denver CO","2026-05-06T20:00:00-06:00","2026-05-06T15:45:00-06:00","NWS Denver CO"
"6116371","39.73447","-104.95203","Winter Storm Warning","Severe","Expected","Likely","Winter Storm Warning issued May 6 at 12:37AM MDT until May 6 at 3:00PM MDT by NWS Denver CO","2026-05-06T00:37:00-06:00","2026-05-06T12:45:00-06:00","NWS Denver CO"
"3809241","39.73611","-104.94315","Freeze Warning","Moderate","Expected","Likely","Freeze Warning issued May 6 at 12:38AM MDT until May 7 at 8:00AM MDT by NWS Denver CO","2026-05-06T20:00:00-06:00","2026-05-06T15:45:00-06:00","NWS Denver CO"
"3809241","39.73611","-104.94315","Winter Storm Warning","Severe","Expected","Likely","Winter Storm Warning issued May 6 at 12:37AM MDT until May 6 at 3:00PM MDT by NWS Denver CO","2026-05-06T00:37:00-06:00","2026-05-06T12:45:00-06:00","NWS Denver CO"
"6128231","39.67612","-104.94904","Freeze Warning","Moderate","Expected","Likely","Freeze Warning issued May 6 at 12:38AM MDT until May 7 at 8:00AM MDT by NWS Denver CO","2026-05-06T20:00:00-06:00","2026-05-06T15:45:00-06:00","NWS Denver CO"
"6128231","39.67612","-104.94904","Winter Storm Warning","Severe","Expected","Likely","Winter Storm Warning issued May 6 at 12:37AM MDT until May 6 at 3:00PM MDT by NWS Denver CO","2026-05-06T00:37:00-06:00","2026-05-06T12:45:00-06:00","NWS Denver CO"
"3543455","39.83731","-105.01472","Freeze Warning","Moderate","Expected","Likely","Freeze Warning issued May 6 at 12:38AM MDT until May 7 at 8:00AM MDT by NWS Denver CO","2026-05-06T20:00:00-06:00","2026-05-06T15:45:00-06:00","NWS Denver CO"
"3543455","39.83731","-105.01472","Winter Storm Warning","Severe","Expected","Likely","Winter Storm Warning issued May 6 at 12:37AM MDT until May 6 at 3:00PM MDT by NWS Denver CO","2026-05-06T00:37:00-06:00","2026-05-06T12:45:00-06:00","NWS Denver CO"
"5353564","39.66977","-104.89399","Freeze Warning","Moderate","Expected","Likely","Freeze Warning issued May 6 at 12:38AM MDT until May 7 at 8:00AM MDT by NWS Denver CO","2026-05-06T20:00:00-06:00","2026-05-06T15:45:00-06:00","NWS Denver CO"
"5353564","39.66977","-104.89399","Winter Storm Warning","Severe","Expected","Likely","Winter Storm Warning issued May 6 at 12:37AM MDT until May 6 at 3:00PM MDT by NWS Denver CO","2026-05-06T00:37:00-06:00","2026-05-06T12:45:00-06:00","NWS Denver CO"
"804276","39.41838","-104.57664","Freeze Warning","Moderate","Expected","Likely","Freeze Warning issued May 6 at 12:38AM MDT until May 7 at 8:00AM MDT by NWS Denver CO","2026-05-06T20:00:00-06:00","2026-05-06T15:45:00-06:00","NWS Denver CO"
"804276","39.41838","-104.57664","Winter Storm Warning","Severe","Expected","Likely","Winter Storm Warning issued May 6 at 12:37AM MDT until May 6 at 3:00PM MDT by NWS Denver CO","2026-05-06T00:37:00-06:00","2026-05-06T12:45:00-06:00","NWS Denver CO"
"4428179","39.58473","-105.36579","Winter Storm Warning","Severe","Expected","Likely","Winter Storm Warning issued May 6 at 12:37AM MDT until May 6 at 3:00PM MDT by NWS Denver CO","2026-05-06T00:37:00-06:00","2026-05-06T12:45:00-06:00","NWS Denver CO"
"1970585","39.59689","-105.29714","Winter Storm Warning","Severe","Expected","Likely","Winter Storm Warning issued May 6 at 12:37AM MDT until May 6 at 3:00PM MDT by NWS Denver CO","2026-05-06T00:37:00-06:00","2026-05-06T12:45:00-06:00","NWS Denver CO"
"4934450","40.62988","-105.04392","Freeze Warning","Moderate","Expected","Likely","Freeze Warning issued May 6 at 12:38AM MDT until May 7 at 8:00AM MDT by NWS Denver CO","2026-05-06T20:00:00-06:00","2026-05-06T15:45:00-06:00","NWS Denver CO"
"4934450","40.62988","-105.04392","Winter Storm Warning","Severe","Expected","Likely","Winter Storm Warning issued May 6 at 12:37AM MDT until May 6 at 3:00PM MDT by NWS Denver CO","2026-05-06T00:37:00-06:00","2026-05-06T12:45:00-06:00","NWS Denver CO"
"3191562","40.52757","-105.05498","Freeze Warning","Moderate","Expected","Likely","Freeze Warning issued May 6 at 12:38AM MDT until May 7 at 8:00AM MDT by NWS Denver CO","2026-05-06T20:00:00-06:00","2026-05-06T15:45:00-06:00","NWS Denver CO"
"3191562","40.52757","-105.05498","Winter Storm Warning","Severe","Expected","Likely","Winter Storm Warning issued May 6 at 12:37AM MDT until May 6 at 3:00PM MDT by NWS Denver CO","2026-05-06T00:37:00-06:00","2026-05-06T12:45:00-06:00","NWS Denver CO"
"4133625","40.50163","-105.19265","Freeze Warning","Moderate","Expected","Likely","Freeze Warning issued May 6 at 12:38AM MDT until May 7 at 8:00AM MDT by NWS Denver CO","2026-05-06T20:00:00-06:00","2026-05-06T15:45:00-06:00","NWS Denver CO"
"4133625","40.50163","-105.19265","Winter Storm Warning","Severe","Expected","Likely","Winter Storm Warning issued May 6 at 12:37AM MDT until May 6 at 3:00PM MDT by NWS Denver CO","2026-05-06T00:37:00-06:00","2026-05-06T12:45:00-06:00","NWS Denver CO"
"2875778","40.54457","-105.08901","Freeze Warning","Moderate","Expected","Likely","Freeze Warning issued May 6 at 12:38AM MDT until May 7 at 8:00AM MDT by NWS Denver CO","2026-05-06T20:00:00-06:00","2026-05-06T15:45:00-06:00","NWS Denver CO"
"2875778","40.54457","-105.08901","Winter Storm Warning","Severe","Expected","Likely","Winter Storm Warning issued May 6 at 12:37AM MDT until May 6 at 3:00PM MDT by NWS Denver CO","2026-05-06T00:37:00-06:00","2026-05-06T12:45:00-06:00","NWS Denver CO"
"4393095","39.74073","-105.16863","Freeze Warning","Moderate","Expected","Likely","Freeze Warning issued May 6 at 12:38AM MDT until May 7 at 8:00AM MDT by NWS Denver CO","2026-05-06T20:00:00-06:00","2026-05-06T15:45:00-06:00","NWS Denver CO"
"4393095","39.74073","-105.16863","Winter Storm Warning","Severe","Expected","Likely","Winter Storm Warning issued May 6 at 12:37AM MDT until May 6 at 3:00PM MDT by NWS Denver CO","2026-05-06T00:37:00-06:00","2026-05-06T12:45:00-06:00","NWS Denver CO"
"4121253","39.83586","-105.316","Winter Storm Warning","Severe","Expected","Likely","Winter Storm Warning issued May 6 at 12:37AM MDT until May 6 at 3:00PM MDT by NWS Denver CO","2026-05-06T00:37:00-06:00","2026-05-06T12:45:00-06:00","NWS Denver CO"
"2418819","39.63428","-104.88218","Freeze Warning","Moderate","Expected","Likely","Freeze Warning issued May 6 at 12:38AM MDT until May 7 at 8:00AM MDT by NWS Denver CO","2026-05-06T20:00:00-06:00","2026-05-06T15:45:00-06:00","NWS Denver CO"
"2418819","39.63428","-104.88218","Winter Storm Warning","Severe","Expected","Likely","Winter Storm Warning issued May 6 at 12:37AM MDT until May 6 at 3:00PM MDT by NWS Denver CO","2026-05-06T00:37:00-06:00","2026-05-06T12:45:00-06:00","NWS Denver CO"
"2069823","39.54889","-105.02677","Freeze Warning","Moderate","Expected","Likely","Freeze Warning issued May 6 at 12:38AM MDT until May 7 at 8:00AM MDT by NWS Denver CO","2026-05-06T20:00:00-06:00","2026-05-06T15:45:00-06:00","NWS Denver CO"
"2069823","39.54889","-105.02677","Winter Storm Warning","Severe","Expected","Likely","Winter Storm Warning issued May 6 at 12:37AM MDT until May 6 at 3:00PM MDT by NWS Denver CO","2026-05-06T00:37:00-06:00","2026-05-06T12:45:00-06:00","NWS Denver CO"
"5968689","39.76158","-105.12621","Freeze Warning","Moderate","Expected","Likely","Freeze Warning issued May 6 at 12:38AM MDT until May 7 at 8:00AM MDT by NWS Denver CO","2026-05-06T20:00:00-06:00","2026-05-06T15:45:00-06:00","NWS Denver CO"
"5968689","39.76158","-105.12621","Winter Storm Warning","Severe","Expected","Likely","Winter Storm Warning issued May 6 at 12:37AM MDT until May 6 at 3:00PM MDT by NWS Denver CO","2026-05-06T00:37:00-06:00","2026-05-06T12:45:00-06:00","NWS Denver CO"
"4153793","39.49052","-105.03579","Freeze Warning","Moderate","Expected","Likely","Freeze Warning issued May 6 at 12:38AM MDT until May 7 at 8:00AM MDT by NWS Denver CO","2026-05-06T20:00:00-06:00","2026-05-06T15:45:00-06:00","NWS Denver CO"
"4153793","39.49052","-105.03579","Winter Storm Warning","Severe","Expected","Likely","Winter Storm Warning issued May 6 at 12:37AM MDT until May 6 at 3:00PM MDT by NWS Denver CO","2026-05-06T00:37:00-06:00","2026-05-06T12:45:00-06:00","NWS Denver CO"
"4983992","40.13548","-105.1067","Freeze Warning","Moderate","Expected","Likely","Freeze Warning issued May 6 at 12:38AM MDT until May 7 at 8:00AM MDT by NWS Denver CO","2026-05-06T20:00:00-06:00","2026-05-06T15:45:00-06:00","NWS Denver CO"
"4983992","40.13548","-105.1067","Winter Storm Warning","Severe","Expected","Likely","Winter Storm Warning issued May 6 at 12:37AM MDT until May 6 at 3:00PM MDT by NWS Denver CO","2026-05-06T00:37:00-06:00","2026-05-06T12:45:00-06:00","NWS Denver CO"
"4312069","39.12783","-104.7917","Winter Storm Warning","Severe","Expected","Likely","Winter Storm Warning issued May 6 at 12:55AM MDT until May 6 at 6:00PM MDT by NWS Pueblo CO","2026-05-06T00:55:00-06:00","2026-05-06T09:00:00-06:00","NWS Pueblo CO"
"4312069","39.12783","-104.7917","Freeze Warning","Moderate","Expected","Likely","Freeze Warning issued May 6 at 12:55AM MDT until May 7 at 8:00AM MDT by NWS Pueblo CO","2026-05-07T00:00:00-06:00","2026-05-06T09:00:00-06:00","NWS Pueblo CO"
"5500044","39.96352","-105.50903","Winter Storm Warning","Severe","Expected","Likely","Winter Storm Warning issued May 6 at 12:37AM MDT until May 6 at 3:00PM MDT by NWS Denver CO","2026-05-06T00:37:00-06:00","2026-05-06T12:45:00-06:00","NWS Denver CO"
"5500044","39.96352","-105.50903","Winter Storm Watch","Severe","Past","Observed","The Winter Storm Watch has been replaced. Please see the latest information from NWS Denver CO on this developing situation.","2026-05-05T00:00:00-06:00","2026-05-04T01:06:24-06:00","NWS Denver CO"
"5604440","39.4462","-104.72104","Freeze Warning","Moderate","Expected","Likely","Freeze Warning issued May 6 at 12:38AM MDT until May 7 at 8:00AM MDT by NWS Denver CO","2026-05-06T20:00:00-06:00","2026-05-06T15:45:00-06:00","NWS Denver CO"
"5604440","39.4462","-104.72104","Winter Storm Warning","Severe","Expected","Likely","Winter Storm Warning issued May 6 at 12:37AM MDT until May 6 at 3:00PM MDT by NWS Denver CO","2026-05-06T00:37:00-06:00","2026-05-06T12:45:00-06:00","NWS Denver CO"
"4749640","39.52103","-104.78222","Freeze Warning","Moderate","Expected","Likely","Freeze Warning issued May 6 at 12:38AM MDT until May 7 at 8:00AM MDT by NWS Denver CO","2026-05-06T20:00:00-06:00","2026-05-06T15:45:00-06:00","NWS Denver CO"
"4749640","39.52103","-104.78222","Winter Storm Warning","Severe","Expected","Likely","Winter Storm Warning issued May 6 at 12:37AM MDT until May 6 at 3:00PM MDT by NWS Denver CO","2026-05-06T00:37:00-06:00","2026-05-06T12:45:00-06:00","NWS Denver CO"
"5481086","39.50604","-104.73549","Freeze Warning","Moderate","Expected","Likely","Freeze Warning issued May 6 at 12:38AM MDT until May 7 at 8:00AM MDT by NWS Denver CO","2026-05-06T20:00:00-06:00","2026-05-06T15:45:00-06:00","NWS Denver CO"
"5481086","39.50604","-104.73549","Winter Storm Warning","Severe","Expected","Likely","Winter Storm Warning issued May 6 at 12:37AM MDT until May 6 at 3:00PM MDT by NWS Denver CO","2026-05-06T00:37:00-06:00","2026-05-06T12:45:00-06:00","NWS Denver CO"
"5627261","38.67705","-105.07585","Winter Storm Warning","Severe","Expected","Likely","Winter Storm Warning issued May 6 at 12:55AM MDT until May 7 at 12:00AM MDT by NWS Pueblo CO","2026-05-06T00:55:00-06:00","2026-05-06T09:00:00-06:00","NWS Pueblo CO"
"5098921","39.76479","-105.07234","Freeze Warning","Moderate","Expected","Likely","Freeze Warning issued May 6 at 12:38AM MDT until May 7 at 8:00AM MDT by NWS Denver CO","2026-05-06T20:00:00-06:00","2026-05-06T15:45:00-06:00","NWS Denver CO"
"5098921","39.76479","-105.07234","Winter Storm Warning","Severe","Expected","Likely","Winter Storm Warning issued May 6 at 12:37AM MDT until May 6 at 3:00PM MDT by NWS Denver CO","2026-05-06T00:37:00-06:00","2026-05-06T12:45:00-06:00","NWS Denver CO"
"2838034","34.18835","-84.34691","Flood Watch","Severe","Future","Possible","Flood Watch issued May 5 at 2:55PM EDT until May 7 at 8:00AM EDT by NWS Peachtree City GA","2026-05-06T16:00:00-04:00","2026-05-07T08:00:00-04:00","NWS Peachtree City GA"
"3830245","34.02754","-84.27074","Flood Watch","Severe","Future","Possible","Flood Watch issued May 5 at 2:55PM EDT until May 7 at 8:00AM EDT by NWS Peachtree City GA","2026-05-06T16:00:00-04:00","2026-05-07T08:00:00-04:00","NWS Peachtree City GA"
"2277228","34.41676","-83.51137","Flood Watch","Severe","Future","Possible","Flood Watch issued May 5 at 2:55PM EDT until May 7 at 8:00AM EDT by NWS Peachtree City GA","2026-05-06T16:00:00-04:00","2026-05-07T08:00:00-04:00","NWS Peachtree City GA"
"2518449","33.749","-84.38798","Flood Watch","Severe","Future","Possible","Flood Watch issued May 5 at 2:55PM EDT until May 7 at 8:00AM EDT by NWS Peachtree City GA","2026-05-06T16:00:00-04:00","2026-05-07T08:00:00-04:00","NWS Peachtree City GA"
"2657174","33.68031","-84.60112","Flood Watch","Severe","Future","Possible","Flood Watch issued May 5 at 2:55PM EDT until May 7 at 8:00AM EDT by NWS Peachtree City GA","2026-05-06T16:00:00-04:00","2026-05-07T08:00:00-04:00","NWS Peachtree City GA"
"4641071","33.68888","-84.56912","Flood Watch","Severe","Future","Possible","Flood Watch issued May 5 at 2:55PM EDT until May 7 at 8:00AM EDT by NWS Peachtree City GA","2026-05-06T16:00:00-04:00","2026-05-07T08:00:00-04:00","NWS Peachtree City GA"
"3991950","33.63529","-84.56887","Flood Watch","Severe","Future","Possible","Flood Watch issued May 5 at 2:55PM EDT until May 7 at 8:00AM EDT by NWS Peachtree City GA","2026-05-06T16:00:00-04:00","2026-05-07T08:00:00-04:00","NWS Peachtree City GA"
"3454105","33.66002","-84.62933","Flood Watch","Severe","Future","Possible","Flood Watch issued May 5 at 2:55PM EDT until May 7 at 8:00AM EDT by NWS Peachtree City GA","2026-05-06T16:00:00-04:00","2026-05-07T08:00:00-04:00","NWS Peachtree City GA"
"3363603","33.82687","-84.61457","Flood Watch","Severe","Future","Possible","Flood Watch issued May 5 at 2:55PM EDT until May 7 at 8:00AM EDT by NWS Peachtree City GA","2026-05-06T16:00:00-04:00","2026-05-07T08:00:00-04:00","NWS Peachtree City GA"
"2282991","34.32224","-84.47528","Flood Watch","Severe","Future","Possible","Flood Watch issued May 5 at 2:55PM EDT until May 7 at 8:00AM EDT by NWS Peachtree City GA","2026-05-06T16:00:00-04:00","2026-05-07T08:00:00-04:00","NWS Peachtree City GA"
"2254239","34.10661","-84.81978","Flood Watch","Severe","Future","Possible","Flood Watch issued May 5 at 2:55PM EDT until May 7 at 8:00AM EDT by NWS Peachtree City GA","2026-05-06T16:00:00-04:00","2026-05-07T08:00:00-04:00","NWS Peachtree City GA"
"2311285","33.81261","-84.2391","Flood Watch","Severe","Future","Possible","Flood Watch issued May 5 at 2:55PM EDT until May 7 at 8:00AM EDT by NWS Peachtree City GA","2026-05-06T16:00:00-04:00","2026-05-07T08:00:00-04:00","NWS Peachtree City GA"
"2612439","33.65544","-84.60418","Flood Watch","Severe","Future","Possible","Flood Watch issued May 5 at 2:55PM EDT until May 7 at 8:00AM EDT by NWS Peachtree City GA","2026-05-06T16:00:00-04:00","2026-05-07T08:00:00-04:00","NWS Peachtree City GA"
"4055488","33.58266","-83.76385","Flood Watch","Severe","Future","Possible","Flood Watch issued May 5 at 2:55PM EDT until May 7 at 8:00AM EDT by NWS Peachtree City GA","2026-05-06T16:00:00-04:00","2026-05-07T08:00:00-04:00","NWS Peachtree City GA"
"3211897","33.58613","-83.77412","Flood Watch","Severe","Future","Possible","Flood Watch issued May 5 at 2:55PM EDT until May 7 at 8:00AM EDT by NWS Peachtree City GA","2026-05-06T16:00:00-04:00","2026-05-07T08:00:00-04:00","NWS Peachtree City GA"
"4277967","33.57756","-83.9448","Flood Watch","Severe","Future","Possible","Flood Watch issued May 5 at 2:55PM EDT until May 7 at 8:00AM EDT by NWS Peachtree City GA","2026-05-06T16:00:00-04:00","2026-05-07T08:00:00-04:00","NWS Peachtree City GA"
"2369473","34.23096","-84.14957","Flood Watch","Severe","Future","Possible","Flood Watch issued May 5 at 2:55PM EDT until May 7 at 8:00AM EDT by NWS Peachtree City GA","2026-05-06T16:00:00-04:00","2026-05-07T08:00:00-04:00","NWS Peachtree City GA"
"2584796","34.02835","-83.9031","Flood Watch","Severe","Future","Possible","Flood Watch issued May 5 at 2:55PM EDT until May 7 at 8:00AM EDT by NWS Peachtree City GA","2026-05-06T16:00:00-04:00","2026-05-07T08:00:00-04:00","NWS Peachtree City GA"
"2620360","33.71676","-84.29326","Flood Watch","Severe","Future","Possible","Flood Watch issued May 5 at 2:55PM EDT until May 7 at 8:00AM EDT by NWS Peachtree City GA","2026-05-06T16:00:00-04:00","2026-05-07T08:00:00-04:00","NWS Peachtree City GA"
"5445435","33.83194","-84.27262","Flood Watch","Severe","Future","Possible","Flood Watch issued May 5 at 2:55PM EDT until May 7 at 8:00AM EDT by NWS Peachtree City GA","2026-05-06T16:00:00-04:00","2026-05-07T08:00:00-04:00","NWS Peachtree City GA"
"2392941","33.69036","-84.2327","Flood Watch","Severe","Future","Possible","Flood Watch issued May 5 at 2:55PM EDT until May 7 at 8:00AM EDT by NWS Peachtree City GA","2026-05-06T16:00:00-04:00","2026-05-07T08:00:00-04:00","NWS Peachtree City GA"
"2609676","33.69858","-84.2004","Flood Watch","Severe","Future","Possible","Flood Watch issued May 5 at 2:55PM EDT until May 7 at 8:00AM EDT by NWS Peachtree City GA","2026-05-06T16:00:00-04:00","2026-05-07T08:00:00-04:00","NWS Peachtree City GA"
"2288347","33.71185","-84.23938","Flood Watch","Severe","Future","Possible","Flood Watch issued May 5 at 2:55PM EDT until May 7 at 8:00AM EDT by NWS Peachtree City GA","2026-05-06T16:00:00-04:00","2026-05-07T08:00:00-04:00","NWS Peachtree City GA"
"2471619","33.56363","-84.60535","Flood Watch","Severe","Future","Possible","Flood Watch issued May 5 at 2:55PM EDT until May 7 at 8:00AM EDT by NWS Peachtree City GA","2026-05-06T16:00:00-04:00","2026-05-07T08:00:00-04:00","NWS Peachtree City GA"
"4525393","33.44491","-84.48303","Flood Watch","Severe","Future","Possible","Flood Watch issued May 5 at 2:55PM EDT until May 7 at 8:00AM EDT by NWS Peachtree City GA","2026-05-06T16:00:00-04:00","2026-05-07T08:00:00-04:00","NWS Peachtree City GA"
"2602049","33.24756","-83.90115","Flood Watch","Severe","Future","Possible","Flood Watch issued May 5 at 2:55PM EDT until May 7 at 8:00AM EDT by NWS Peachtree City GA","2026-05-06T16:00:00-04:00","2026-05-07T08:00:00-04:00","NWS Peachtree City GA"
"6021985","33.63429","-84.34445","Flood Watch","Severe","Future","Possible","Flood Watch issued May 5 at 2:55PM EDT until May 7 at 8:00AM EDT by NWS Peachtree City GA","2026-05-06T16:00:00-04:00","2026-05-07T08:00:00-04:00","NWS Peachtree City GA"
"6119677","34.33421","-83.82705","Flood Watch","Severe","Future","Possible","Flood Watch issued May 5 at 2:55PM EDT until May 7 at 8:00AM EDT by NWS Peachtree City GA","2026-05-06T16:00:00-04:00","2026-05-07T08:00:00-04:00","NWS Peachtree City GA"
"2759185","34.23919","-83.90339","Flood Watch","Severe","Future","Possible","Flood Watch issued May 5 at 2:55PM EDT until May 7 at 8:00AM EDT by NWS Peachtree City GA","2026-05-06T16:00:00-04:00","2026-05-07T08:00:00-04:00","NWS Peachtree City GA"
"2497934","33.11867","-84.71102","Flood Watch","Severe","Future","Possible","Flood Watch issued May 5 at 2:55PM EDT until May 7 at 8:00AM EDT by NWS Peachtree City GA","2026-05-06T16:00:00-04:00","2026-05-07T08:00:00-04:00","NWS Peachtree City GA"
"2622854","33.24121","-84.1599","Flood Watch","Severe","Future","Possible","Flood Watch issued May 5 at 2:55PM EDT until May 7 at 8:00AM EDT by NWS Peachtree City GA","2026-05-06T16:00:00-04:00","2026-05-07T08:00:00-04:00","NWS Peachtree City GA"
"3271143","33.27754","-84.32254","Flood Watch","Severe","Future","Possible","Flood Watch issued May 5 at 2:55PM EDT until May 7 at 8:00AM EDT by NWS Peachtree City GA","2026-05-06T16:00:00-04:00","2026-05-07T08:00:00-04:00","NWS Peachtree City GA"
"2107249","33.21431","-84.147","Flood Watch","Severe","Future","Possible","Flood Watch issued May 5 at 2:55PM EDT until May 7 at 8:00AM EDT by NWS Peachtree City GA","2026-05-06T16:00:00-04:00","2026-05-07T08:00:00-04:00","NWS Peachtree City GA"
"4251994","33.03179","-85.04939","Flood Watch","Severe","Future","Possible","Flood Watch issued May 5 at 2:55PM EDT until May 7 at 8:00AM EDT by NWS Peachtree City GA","2026-05-06T16:00:00-04:00","2026-05-07T08:00:00-04:00","NWS Peachtree City GA"
"3200046","33.95945","-83.94914","Flood Watch","Severe","Future","Possible","Flood Watch issued May 5 at 2:55PM EDT until May 7 at 8:00AM EDT by NWS Peachtree City GA","2026-05-06T16:00:00-04:00","2026-05-07T08:00:00-04:00","NWS Peachtree City GA"
"2683767","33.75555","-84.14898","Flood Watch","Severe","Future","Possible","Flood Watch issued May 5 at 2:55PM EDT until May 7 at 8:00AM EDT by NWS Peachtree City GA","2026-05-06T16:00:00-04:00","2026-05-07T08:00:00-04:00","NWS Peachtree City GA"
"2598672","33.77296","-84.09887","Flood Watch","Severe","Future","Possible","Flood Watch issued May 5 at 2:55PM EDT until May 7 at 8:00AM EDT by NWS Peachtree City GA","2026-05-06T16:00:00-04:00","2026-05-07T08:00:00-04:00","NWS Peachtree City GA"
"1660392","33.83047","-83.89333","Flood Watch","Severe","Future","Possible","Flood Watch issued May 5 at 2:55PM EDT until May 7 at 8:00AM EDT by NWS Peachtree City GA","2026-05-06T16:00:00-04:00","2026-05-07T08:00:00-04:00","NWS Peachtree City GA"
"2361556","32.86228","-83.88691","Flood Watch","Severe","Future","Possible","Flood Watch issued May 5 at 2:55PM EDT until May 7 at 8:00AM EDT by NWS Peachtree City GA","2026-05-06T16:00:00-04:00","2026-05-07T08:00:00-04:00","NWS Peachtree City GA"
"2677729","33.90748","-84.6239","Flood Watch","Severe","Future","Possible","Flood Watch issued May 5 at 2:55PM EDT until May 7 at 8:00AM EDT by NWS Peachtree City GA","2026-05-06T16:00:00-04:00","2026-05-07T08:00:00-04:00","NWS Peachtree City GA"
"2598636","33.97522","-84.61198","Flood Watch","Severe","Future","Possible","Flood Watch issued May 5 at 2:55PM EDT until May 7 at 8:00AM EDT by NWS Peachtree City GA","2026-05-06T16:00:00-04:00","2026-05-07T08:00:00-04:00","NWS Peachtree City GA"
"4689287","33.52749","-84.07032","Flood Watch","Severe","Future","Possible","Flood Watch issued May 5 at 2:55PM EDT until May 7 at 8:00AM EDT by NWS Peachtree City GA","2026-05-06T16:00:00-04:00","2026-05-07T08:00:00-04:00","NWS Peachtree City GA"
"3762629","33.51836","-84.72947","Flood Watch","Severe","Future","Possible","Flood Watch issued May 5 at 2:55PM EDT until May 7 at 8:00AM EDT by NWS Peachtree City GA","2026-05-06T16:00:00-04:00","2026-05-07T08:00:00-04:00","NWS Peachtree City GA"
"3603489","33.58464","-84.28563","Flood Watch","Severe","Future","Possible","Flood Watch issued May 5 at 2:55PM EDT until May 7 at 8:00AM EDT by NWS Peachtree City GA","2026-05-06T16:00:00-04:00","2026-05-07T08:00:00-04:00","NWS Peachtree City GA"
"2551291","33.55844","-84.47516","Flood Watch","Severe","Future","Possible","Flood Watch issued May 5 at 2:55PM EDT until May 7 at 8:00AM EDT by NWS Peachtree City GA","2026-05-06T16:00:00-04:00","2026-05-07T08:00:00-04:00","NWS Peachtree City GA"
"2279174","33.87976","-85.00704","Flood Watch","Severe","Future","Possible","Flood Watch issued May 5 at 2:55PM EDT until May 7 at 8:00AM EDT by NWS Peachtree City GA","2026-05-06T16:00:00-04:00","2026-05-07T08:00:00-04:00","NWS Peachtree City GA"
"2620355","33.86724","-83.99722","Flood Watch","Severe","Future","Possible","Flood Watch issued May 5 at 2:55PM EDT until May 7 at 8:00AM EDT by NWS Peachtree City GA","2026-05-06T16:00:00-04:00","2026-05-07T08:00:00-04:00","NWS Peachtree City GA"
"2382591","33.7004","-84.18774","Flood Watch","Severe","Future","Possible","Flood Watch issued May 5 at 2:55PM EDT until May 7 at 8:00AM EDT by NWS Peachtree City GA","2026-05-06T16:00:00-04:00","2026-05-07T08:00:00-04:00","NWS Peachtree City GA"
"2277249","33.83666","-84.21024","Flood Watch","Severe","Future","Possible","Flood Watch issued May 5 at 2:55PM EDT until May 7 at 8:00AM EDT by NWS Peachtree City GA","2026-05-06T16:00:00-04:00","2026-05-07T08:00:00-04:00","NWS Peachtree City GA"
"3756591","33.79124","-84.90935","Flood Watch","Severe","Future","Possible","Flood Watch issued May 5 at 2:55PM EDT until May 7 at 8:00AM EDT by NWS Peachtree City GA","2026-05-06T16:00:00-04:00","2026-05-07T08:00:00-04:00","NWS Peachtree City GA"
"2482142","33.58023","-84.87844","Flood Watch","Severe","Future","Possible","Flood Watch issued May 5 at 2:55PM EDT until May 7 at 8:00AM EDT by NWS Peachtree City GA","2026-05-06T16:00:00-04:00","2026-05-07T08:00:00-04:00","NWS Peachtree City GA"
"2649537","33.62046","-84.8661","Flood Watch","Severe","Future","Possible","Flood Watch issued May 5 at 2:55PM EDT until May 7 at 8:00AM EDT by NWS Peachtree City GA","2026-05-06T16:00:00-04:00","2026-05-07T08:00:00-04:00","NWS Peachtree City GA"
"2044140","35.25401","-91.18749","Flood Warning","Severe","Immediate","Observed","Flood Warning issued May 6 at 6:24AM CDT until May 8 at 7:00AM CDT by NWS Little Rock AR","2026-05-06T06:24:00-05:00","2026-05-07T06:30:00-05:00","NWS Little Rock AR"
"6008998","39.18805","-106.80749","Winter Weather Advisory","Moderate","Expected","Likely","Winter Weather Advisory issued May 6 at 2:09AM MDT until May 6 at 12:00PM MDT by NWS Grand Junction CO","2026-05-06T02:09:00-06:00","2026-05-06T12:00:00-06:00","NWS Grand Junction CO"
"2608070","39.19325","-106.82451","Winter Weather Advisory","Moderate","Expected","Likely","Winter Weather Advisory issued May 6 at 2:09AM MDT until May 6 at 12:00PM MDT by NWS Grand Junction CO","2026-05-06T02:09:00-06:00","2026-05-06T12:00:00-06:00","NWS Grand Junction CO"
"5821807","37.27183","-107.66282","Winter Weather Advisory","Moderate","Expected","Likely","Winter Weather Advisory issued May 6 at 2:09AM MDT until May 6 at 6:00PM MDT by NWS Grand Junction CO","2026-05-06T02:09:00-06:00","2026-05-06T12:00:00-06:00","NWS Grand Junction CO"
"4231229","37.32974","-107.58535","Winter Weather Advisory","Moderate","Expected","Likely","Winter Weather Advisory issued May 6 at 2:09AM MDT until May 6 at 6:00PM MDT by NWS Grand Junction CO","2026-05-06T02:09:00-06:00","2026-05-06T12:00:00-06:00","NWS Grand Junction CO"
"4829195","37.34079","-107.60338","Winter Weather Advisory","Moderate","Expected","Likely","Winter Weather Advisory issued May 6 at 2:09AM MDT until May 6 at 6:00PM MDT by NWS Grand Junction CO","2026-05-06T02:09:00-06:00","2026-05-06T12:00:00-06:00","NWS Grand Junction CO"
"5794184","37.46852","-107.54783","Winter Weather Advisory","Moderate","Expected","Likely","Winter Weather Advisory issued May 6 at 2:09AM MDT until May 6 at 6:00PM MDT by NWS Grand Junction CO","2026-05-06T02:09:00-06:00","2026-05-06T12:00:00-06:00","NWS Grand Junction CO"
"2593808","39.75314","-104.45051","Freeze Warning","Moderate","Expected","Likely","Freeze Warning issued May 6 at 12:38AM MDT until May 7 at 8:00AM MDT by NWS Denver CO","2026-05-06T20:00:00-06:00","2026-05-06T15:45:00-06:00","NWS Denver CO"
"2593808","39.75314","-104.45051","Winter Weather Advisory","Moderate","Expected","Likely","Winter Weather Advisory issued May 6 at 12:37AM MDT until May 6 at 3:00PM MDT by NWS Denver CO","2026-05-06T00:37:00-06:00","2026-05-06T12:45:00-06:00","NWS Denver CO"
"4148144","40.33831","-105.05193","Freeze Warning","Moderate","Expected","Likely","Freeze Warning issued May 6 at 12:38AM MDT until May 7 at 8:00AM MDT by NWS Denver CO","2026-05-06T20:00:00-06:00","2026-05-06T15:45:00-06:00","NWS Denver CO"
"4148144","40.33831","-105.05193","Winter Weather Advisory","Moderate","Expected","Likely","Winter Weather Advisory issued May 6 at 12:37AM MDT until May 6 at 3:00PM MDT by NWS Denver CO","2026-05-06T00:37:00-06:00","2026-05-06T12:45:00-06:00","NWS Denver CO"
"3181931","40.06012","-103.55748","Freeze Warning","Moderate","Expected","Likely","Freeze Warning issued May 6 at 12:38AM MDT until May 7 at 8:00AM MDT by NWS Denver CO","2026-05-06T20:00:00-06:00","2026-05-06T15:45:00-06:00","NWS Denver CO"
"3181931","40.06012","-103.55748","Winter Weather Advisory","Moderate","Expected","Likely","Winter Weather Advisory issued May 6 at 12:37AM MDT until May 6 at 3:00PM MDT by NWS Denver CO","2026-05-06T00:37:00-06:00","2026-05-06T12:45:00-06:00","NWS Denver CO"
"5766711","37.31226","-107.9959","Winter Weather Advisory","Moderate","Expected","Likely","Winter Weather Advisory issued May 6 at 2:09AM MDT until May 6 at 6:00PM MDT by NWS Grand Junction CO","2026-05-06T02:09:00-06:00","2026-05-06T12:00:00-06:00","NWS Grand Junction CO"
"5252490","37.50653","-107.81137","Winter Weather Advisory","Moderate","Expected","Likely","Winter Weather Advisory issued May 6 at 2:09AM MDT until May 6 at 6:00PM MDT by NWS Grand Junction CO","2026-05-06T02:09:00-06:00","2026-05-06T12:00:00-06:00","NWS Grand Junction CO"
"5815681","37.60813","-107.80685","Winter Weather Advisory","Moderate","Expected","Likely","Winter Weather Advisory issued May 6 at 2:09AM MDT until May 6 at 6:00PM MDT by NWS Grand Junction CO","2026-05-06T02:09:00-06:00","2026-05-06T12:00:00-06:00","NWS Grand Junction CO"
"4946765","40.5074","-104.73418","Freeze Warning","Moderate","Expected","Likely","Freeze Warning issued May 6 at 12:38AM MDT until May 7 at 8:00AM MDT by NWS Denver CO","2026-05-06T20:00:00-06:00","2026-05-06T15:45:00-06:00","NWS Denver CO"
"4946765","40.5074","-104.73418","Winter Weather Advisory","Moderate","Expected","Likely","Winter Weather Advisory issued May 6 at 12:37AM MDT until May 6 at 3:00PM MDT by NWS Denver CO","2026-05-06T00:37:00-06:00","2026-05-06T12:45:00-06:00","NWS Denver CO"
"3931996","40.52396","-104.73364","Freeze Warning","Moderate","Expected","Likely","Freeze Warning issued May 6 at 12:38AM MDT until May 7 at 8:00AM MDT by NWS Denver CO","2026-05-06T20:00:00-06:00","2026-05-06T15:45:00-06:00","NWS Denver CO"
"3931996","40.52396","-104.73364","Winter Weather Advisory","Moderate","Expected","Likely","Winter Weather Advisory issued May 6 at 12:37AM MDT until May 6 at 3:00PM MDT by NWS Denver CO","2026-05-06T00:37:00-06:00","2026-05-06T12:45:00-06:00","NWS Denver CO"
"2726361","40.00544","-105.01454","Freeze Warning","Moderate","Expected","Likely","Freeze Warning issued May 6 at 12:38AM MDT until May 7 at 8:00AM MDT by NWS Denver CO","2026-05-06T20:00:00-06:00","2026-05-06T15:45:00-06:00","NWS Denver CO"
"2726361","40.00544","-105.01454","Winter Weather Advisory","Moderate","Expected","Likely","Winter Weather Advisory issued May 6 at 12:37AM MDT until May 6 at 3:00PM MDT by NWS Denver CO","2026-05-06T00:37:00-06:00","2026-05-06T12:45:00-06:00","NWS Denver CO"
"4038106","40.03563","-105.03764","Freeze Warning","Moderate","Expected","Likely","Freeze Warning issued May 6 at 12:38AM MDT until May 7 at 8:00AM MDT by NWS Denver CO","2026-05-06T20:00:00-06:00","2026-05-06T15:45:00-06:00","NWS Denver CO"
"4038106","40.03563","-105.03764","Winter Weather Advisory","Moderate","Expected","Likely","Winter Weather Advisory issued May 6 at 12:37AM MDT until May 6 at 3:00PM MDT by NWS Denver CO","2026-05-06T00:37:00-06:00","2026-05-06T12:45:00-06:00","NWS Denver CO"
"4759651","40.04811","-105.03844","Freeze Warning","Moderate","Expected","Likely","Freeze Warning issued May 6 at 12:38AM MDT until May 7 at 8:00AM MDT by NWS Denver CO","2026-05-06T20:00:00-06:00","2026-05-06T15:45:00-06:00","NWS Denver CO"
"4759651","40.04811","-105.03844","Winter Weather Advisory","Moderate","Expected","Likely","Winter Weather Advisory issued May 6 at 12:37AM MDT until May 6 at 3:00PM MDT by NWS Denver CO","2026-05-06T00:37:00-06:00","2026-05-06T12:45:00-06:00","NWS Denver CO"
"2525295","40.04865","-105.03497","Freeze Warning","Moderate","Expected","Likely","Freeze Warning issued May 6 at 12:38AM MDT until May 7 at 8:00AM MDT by NWS Denver CO","2026-05-06T20:00:00-06:00","2026-05-06T15:45:00-06:00","NWS Denver CO"
"2525295","40.04865","-105.03497","Winter Weather Advisory","Moderate","Expected","Likely","Winter Weather Advisory issued May 6 at 12:37AM MDT until May 6 at 3:00PM MDT by NWS Denver CO","2026-05-06T00:37:00-06:00","2026-05-06T12:45:00-06:00","NWS Denver CO"
"5565444","40.05451","-105.02046","Freeze Warning","Moderate","Expected","Likely","Freeze Warning issued May 6 at 12:38AM MDT until May 7 at 8:00AM MDT by NWS Denver CO","2026-05-06T20:00:00-06:00","2026-05-06T15:45:00-06:00","NWS Denver CO"
"5565444","40.05451","-105.02046","Winter Weather Advisory","Moderate","Expected","Likely","Winter Weather Advisory issued May 6 at 12:37AM MDT until May 6 at 3:00PM MDT by NWS Denver CO","2026-05-06T00:37:00-06:00","2026-05-06T12:45:00-06:00","NWS Denver CO"
"5992706","40.06731","-105.03887","Freeze Warning","Moderate","Expected","Likely","Freeze Warning issued May 6 at 12:38AM MDT until May 7 at 8:00AM MDT by NWS Denver CO","2026-05-06T20:00:00-06:00","2026-05-06T15:45:00-06:00","NWS Denver CO"
"5992706","40.06731","-105.03887","Winter Weather Advisory","Moderate","Expected","Likely","Winter Weather Advisory issued May 6 at 12:37AM MDT until May 6 at 3:00PM MDT by NWS Denver CO","2026-05-06T00:37:00-06:00","2026-05-06T12:45:00-06:00","NWS Denver CO"
"5040391","40.23903","-103.81189","Freeze Warning","Moderate","Expected","Likely","Freeze Warning issued May 6 at 12:38AM MDT until May 7 at 8:00AM MDT by NWS Denver CO","2026-05-06T20:00:00-06:00","2026-05-06T15:45:00-06:00","NWS Denver CO"
"5040391","40.23903","-103.81189","Winter Weather Advisory","Moderate","Expected","Likely","Winter Weather Advisory issued May 6 at 12:37AM MDT until May 6 at 3:00PM MDT by NWS Denver CO","2026-05-06T00:37:00-06:00","2026-05-06T12:45:00-06:00","NWS Denver CO"
"5192222","40.10649","-104.92435","Freeze Warning","Moderate","Expected","Likely","Freeze Warning issued May 6 at 12:38AM MDT until May 7 at 8:00AM MDT by NWS Denver CO","2026-05-06T20:00:00-06:00","2026-05-06T15:45:00-06:00","NWS Denver CO"
"5192222","40.10649","-104.92435","Winter Weather Advisory","Moderate","Expected","Likely","Winter Weather Advisory issued May 6 at 12:37AM MDT until May 6 at 3:00PM MDT by NWS Denver CO","2026-05-06T00:37:00-06:00","2026-05-06T12:45:00-06:00","NWS Denver CO"
"3193096","40.10568","-104.92317","Freeze Warning","Moderate","Expected","Likely","Freeze Warning issued May 6 at 12:38AM MDT until May 7 at 8:00AM MDT by NWS Denver CO","2026-05-06T20:00:00-06:00","2026-05-06T15:45:00-06:00","NWS Denver CO"
"3193096","40.10568","-104.92317","Winter Weather Advisory","Moderate","Expected","Likely","Winter Weather Advisory issued May 6 at 12:37AM MDT until May 6 at 3:00PM MDT by NWS Denver CO","2026-05-06T00:37:00-06:00","2026-05-06T12:45:00-06:00","NWS Denver CO"
"2435097","40.47925","-104.5721","Freeze Warning","Moderate","Expected","Likely","Freeze Warning issued May 6 at 12:38AM MDT until May 7 at 8:00AM MDT by NWS Denver CO","2026-05-06T20:00:00-06:00","2026-05-06T15:45:00-06:00","NWS Denver CO"
"2435097","40.47925","-104.5721","Winter Weather Advisory","Moderate","Expected","Likely","Winter Weather Advisory issued May 6 at 12:37AM MDT until May 6 at 3:00PM MDT by NWS Denver CO","2026-05-06T00:37:00-06:00","2026-05-06T12:45:00-06:00","NWS Denver CO"
"2363135","40.49411","-104.49714","Freeze Warning","Moderate","Expected","Likely","Freeze Warning issued May 6 at 12:38AM MDT until May 7 at 8:00AM MDT by NWS Denver CO","2026-05-06T20:00:00-06:00","2026-05-06T15:45:00-06:00","NWS Denver CO"
"2363135","40.49411","-104.49714","Winter Weather Advisory","Moderate","Expected","Likely","Winter Weather Advisory issued May 6 at 12:37AM MDT until May 6 at 3:00PM MDT by NWS Denver CO","2026-05-06T00:37:00-06:00","2026-05-06T12:45:00-06:00","NWS Denver CO"
"2688107","39.40418","-107.31425","Winter Weather Advisory","Moderate","Expected","Likely","Winter Weather Advisory issued May 6 at 2:09AM MDT until May 6 at 12:00PM MDT by NWS Grand Junction CO","2026-05-06T02:09:00-06:00","2026-05-06T12:00:00-06:00","NWS Grand Junction CO"
"5907268","40.3976","-104.69858","Freeze Warning","Moderate","Expected","Likely","Freeze Warning issued May 6 at 12:38AM MDT until May 7 at 8:00AM MDT by NWS Denver CO","2026-05-06T20:00:00-06:00","2026-05-06T15:45:00-06:00","NWS Denver CO"
"5907268","40.3976","-104.69858","Winter Weather Advisory","Moderate","Expected","Likely","Winter Weather Advisory issued May 6 at 12:37AM MDT until May 6 at 3:00PM MDT by NWS Denver CO","2026-05-06T00:37:00-06:00","2026-05-06T12:45:00-06:00","NWS Denver CO"
"2614900","40.39556","-104.72637","Freeze Warning","Moderate","Expected","Likely","Freeze Warning issued May 6 at 12:38AM MDT until May 7 at 8:00AM MDT by NWS Denver CO","2026-05-06T20:00:00-06:00","2026-05-06T15:45:00-06:00","NWS Denver CO"
"2614900","40.39556","-104.72637","Winter Weather Advisory","Moderate","Expected","Likely","Winter Weather Advisory issued May 6 at 12:37AM MDT until May 6 at 3:00PM MDT by NWS Denver CO","2026-05-06T00:37:00-06:00","2026-05-06T12:45:00-06:00","NWS Denver CO"
"5499159","40.40835","-104.81399","Freeze Warning","Moderate","Expected","Likely","Freeze Warning issued May 6 at 12:38AM MDT until May 7 at 8:00AM MDT by NWS Denver CO","2026-05-06T20:00:00-06:00","2026-05-06T15:45:00-06:00","NWS Denver CO"
"5499159","40.40835","-104.81399","Winter Weather Advisory","Moderate","Expected","Likely","Winter Weather Advisory issued May 6 at 12:37AM MDT until May 6 at 3:00PM MDT by NWS Denver CO","2026-05-06T00:37:00-06:00","2026-05-06T12:45:00-06:00","NWS Denver CO"
"2580115","39.26698","-105.72954","Winter Weather Advisory","Moderate","Expected","Likely","Winter Weather Advisory issued May 6 at 12:37AM MDT until May 6 at 3:00PM MDT by NWS Denver CO","2026-05-06T00:37:00-06:00","2026-05-06T12:45:00-06:00","NWS Denver CO"
"2580703","39.26698","-105.72954","Winter Weather Advisory","Moderate","Expected","Likely","Winter Weather Advisory issued May 6 at 12:37AM MDT until May 6 at 3:00PM MDT by NWS Denver CO","2026-05-06T00:37:00-06:00","2026-05-06T12:45:00-06:00","NWS Denver CO"
"4033658","40.33224","-104.91067","Freeze Warning","Moderate","Expected","Likely","Freeze Warning issued May 6 at 12:38AM MDT until May 7 at 8:00AM MDT by NWS Denver CO","2026-05-06T20:00:00-06:00","2026-05-06T15:45:00-06:00","NWS Denver CO"
"4033658","40.33224","-104.91067","Winter Weather Advisory","Moderate","Expected","Likely","Winter Weather Advisory issued May 6 at 12:37AM MDT until May 6 at 3:00PM MDT by NWS Denver CO","2026-05-06T00:37:00-06:00","2026-05-06T12:45:00-06:00","NWS Denver CO"
"4465710","40.31368","-104.73416","Freeze Warning","Moderate","Expected","Likely","Freeze Warning issued May 6 at 12:38AM MDT until May 7 at 8:00AM MDT by NWS Denver CO","2026-05-06T20:00:00-06:00","2026-05-06T15:45:00-06:00","NWS Denver CO"
"4465710","40.31368","-104.73416","Winter Weather Advisory","Moderate","Expected","Likely","Winter Weather Advisory issued May 6 at 12:37AM MDT until May 6 at 3:00PM MDT by NWS Denver CO","2026-05-06T00:37:00-06:00","2026-05-06T12:45:00-06:00","NWS Denver CO"
"5949859","37.50396","-105.00535","Winter Weather Advisory","Moderate","Expected","Likely","Winter Weather Advisory issued May 6 at 12:55AM MDT until May 7 at 12:00AM MDT by NWS Pueblo CO","2026-05-06T00:55:00-06:00","2026-05-06T09:00:00-06:00","NWS Pueblo CO"
"5949859","37.50396","-105.00535","Freeze Warning","Moderate","Expected","Likely","Freeze Warning issued May 6 at 12:55AM MDT until May 7 at 8:00AM MDT by NWS Pueblo CO","2026-05-07T00:00:00-06:00","2026-05-06T09:00:00-06:00","NWS Pueblo CO"
"6192027","37.50669","-105.01003","Winter Weather Advisory","Moderate","Expected","Likely","Winter Weather Advisory issued May 6 at 12:55AM MDT until May 7 at 12:00AM MDT by NWS Pueblo CO","2026-05-06T00:55:00-06:00","2026-05-06T09:00:00-06:00","NWS Pueblo CO"
"6192027","37.50669","-105.01003","Freeze Warning","Moderate","Expected","Likely","Freeze Warning issued May 6 at 12:55AM MDT until May 7 at 8:00AM MDT by NWS Pueblo CO","2026-05-07T00:00:00-06:00","2026-05-06T09:00:00-06:00","NWS Pueblo CO"
"5636222","38.97103","-105.33179","Winter Weather Advisory","Moderate","Expected","Likely","Winter Weather Advisory issued May 6 at 12:37AM MDT until May 6 at 3:00PM MDT by NWS Denver CO","2026-05-06T00:37:00-06:00","2026-05-06T12:45:00-06:00","NWS Denver CO"
"5674898","40.15733","-104.90342","Freeze Warning","Moderate","Expected","Likely","Freeze Warning issued May 6 at 12:38AM MDT until May 7 at 8:00AM MDT by NWS Denver CO","2026-05-06T20:00:00-06:00","2026-05-06T15:45:00-06:00","NWS Denver CO"
"5674898","40.15733","-104.90342","Winter Weather Advisory","Moderate","Expected","Likely","Winter Weather Advisory issued May 6 at 12:37AM MDT until May 6 at 3:00PM MDT by NWS Denver CO","2026-05-06T00:37:00-06:00","2026-05-06T12:45:00-06:00","NWS Denver CO"
"3779794","40.34821","-105.0409","Freeze Warning","Moderate","Expected","Likely","Freeze Warning issued May 6 at 12:38AM MDT until May 7 at 8:00AM MDT by NWS Denver CO","2026-05-06T20:00:00-06:00","2026-05-06T15:45:00-06:00","NWS Denver CO"
"3779794","40.34821","-105.0409","Winter Weather Advisory","Moderate","Expected","Likely","Winter Weather Advisory issued May 6 at 12:37AM MDT until May 6 at 3:00PM MDT by NWS Denver CO","2026-05-06T00:37:00-06:00","2026-05-06T12:45:00-06:00","NWS Denver CO"
"3897047","40.30659","-104.87616","Freeze Warning","Moderate","Expected","Likely","Freeze Warning issued May 6 at 12:38AM MDT until May 7 at 8:00AM MDT by NWS Denver CO","2026-05-06T20:00:00-06:00","2026-05-06T15:45:00-06:00","NWS Denver CO"
"3897047","40.30659","-104.87616","Winter Weather Advisory","Moderate","Expected","Likely","Winter Weather Advisory issued May 6 at 12:37AM MDT until May 6 at 3:00PM MDT by NWS Denver CO","2026-05-06T00:37:00-06:00","2026-05-06T12:45:00-06:00","NWS Denver CO"
"6061359","37.9397","-107.85936","Winter Weather Advisory","Moderate","Expected","Likely","Winter Weather Advisory issued May 6 at 2:09AM MDT until May 6 at 6:00PM MDT by NWS Grand Junction CO","2026-05-06T02:09:00-06:00","2026-05-06T12:00:00-06:00","NWS Grand Junction CO"
"6210516","37.24195","-107.08077","Winter Weather Advisory","Moderate","Expected","Likely","Winter Weather Advisory issued May 6 at 2:09AM MDT until May 6 at 6:00PM MDT by NWS Grand Junction CO","2026-05-06T02:09:00-06:00","2026-05-06T12:00:00-06:00","NWS Grand Junction CO"
"6054441","37.255","-107.09701","Winter Weather Advisory","Moderate","Expected","Likely","Winter Weather Advisory issued May 6 at 2:09AM MDT until May 6 at 6:00PM MDT by NWS Grand Junction CO","2026-05-06T02:09:00-06:00","2026-05-06T12:00:00-06:00","NWS Grand Junction CO"
"5900231","37.2731","-107.08417","Winter Weather Advisory","Moderate","Expected","Likely","Winter Weather Advisory issued May 6 at 2:09AM MDT until May 6 at 6:00PM MDT by NWS Grand Junction CO","2026-05-06T02:09:00-06:00","2026-05-06T12:00:00-06:00","NWS Grand Junction CO"
"5657048","37.27348","-107.07738","Winter Weather Advisory","Moderate","Expected","Likely","Winter Weather Advisory issued May 6 at 2:09AM MDT until May 6 at 6:00PM MDT by NWS Grand Junction CO","2026-05-06T02:09:00-06:00","2026-05-06T12:00:00-06:00","NWS Grand Junction CO"
"4864841","37.31818","-107.12886","Winter Weather Advisory","Moderate","Expected","Likely","Winter Weather Advisory issued May 6 at 2:09AM MDT until May 6 at 6:00PM MDT by NWS Grand Junction CO","2026-05-06T02:09:00-06:00","2026-05-06T12:00:00-06:00","NWS Grand Junction CO"
"4419273","37.3395","-106.94585","Winter Weather Advisory","Moderate","Expected","Likely","Winter Weather Advisory issued May 6 at 2:09AM MDT until May 6 at 6:00PM MDT by NWS Grand Junction CO","2026-05-06T02:09:00-06:00","2026-05-06T12:00:00-06:00","NWS Grand Junction CO"
"5717107","37.09668","-105.33225","Winter Weather Advisory","Moderate","Expected","Likely","Winter Weather Advisory issued May 6 at 12:55AM MDT until May 7 at 12:00AM MDT by NWS Pueblo CO","2026-05-06T00:55:00-06:00","2026-05-06T09:00:00-06:00","NWS Pueblo CO"
"3873802","40.49885","-104.86886","Freeze Warning","Moderate","Expected","Likely","Freeze Warning issued May 6 at 12:38AM MDT until May 7 at 8:00AM MDT by NWS Denver CO","2026-05-06T20:00:00-06:00","2026-05-06T15:45:00-06:00","NWS Denver CO"
"3873802","40.49885","-104.86886","Winter Weather Advisory","Moderate","Expected","Likely","Winter Weather Advisory issued May 6 at 12:37AM MDT until May 6 at 3:00PM MDT by NWS Denver CO","2026-05-06T00:37:00-06:00","2026-05-06T12:45:00-06:00","NWS Denver CO"
"2739612","40.5752","-104.84673","Freeze Warning","Moderate","Expected","Likely","Freeze Warning issued May 6 at 12:38AM MDT until May 7 at 8:00AM MDT by NWS Denver CO","2026-05-06T20:00:00-06:00","2026-05-06T15:45:00-06:00","NWS Denver CO"
"2739612","40.5752","-104.84673","Winter Weather Advisory","Moderate","Expected","Likely","Winter Weather Advisory issued May 6 at 12:37AM MDT until May 6 at 3:00PM MDT by NWS Denver CO","2026-05-06T00:37:00-06:00","2026-05-06T12:45:00-06:00","NWS Denver CO"
"6010953","39.64406","-106.0764","Winter Weather Advisory","Moderate","Expected","Likely","Winter Weather Advisory issued May 6 at 12:37AM MDT until May 6 at 3:00PM MDT by NWS Denver CO","2026-05-06T00:37:00-06:00","2026-05-06T12:45:00-06:00","NWS Denver CO"
"2490207","39.30647","-106.98433","Winter Weather Advisory","Moderate","Expected","Likely","Winter Weather Advisory issued May 6 at 2:09AM MDT until May 6 at 12:00PM MDT by NWS Grand Junction CO","2026-05-06T02:09:00-06:00","2026-05-06T12:00:00-06:00","NWS Grand Junction CO"
"5309419","39.74067","-104.32891","Freeze Warning","Moderate","Expected","Likely","Freeze Warning issued May 6 at 12:38AM MDT until May 7 at 8:00AM MDT by NWS Denver CO","2026-05-06T20:00:00-06:00","2026-05-06T15:45:00-06:00","NWS Denver CO"
"5309419","39.74067","-104.32891","Winter Weather Advisory","Moderate","Expected","Likely","Winter Weather Advisory issued May 6 at 12:37AM MDT until May 6 at 3:00PM MDT by NWS Denver CO","2026-05-06T00:37:00-06:00","2026-05-06T12:45:00-06:00","NWS Denver CO"
"2335841","39.98103","-105.86307","Winter Weather Advisory","Moderate","Expected","Likely","Winter Weather Advisory issued May 6 at 12:37AM MDT until May 6 at 3:00PM MDT by NWS Denver CO","2026-05-06T00:37:00-06:00","2026-05-06T12:45:00-06:00","NWS Denver CO"
"7804","39.99511","-105.84114","Winter Weather Advisory","Moderate","Expected","Likely","Winter Weather Advisory issued May 6 at 12:37AM MDT until May 6 at 3:00PM MDT by NWS Denver CO","2026-05-06T00:37:00-06:00","2026-05-06T12:45:00-06:00","NWS Denver CO"
"4143987","37.45816","-104.83589","Winter Weather Advisory","Moderate","Expected","Likely","Winter Weather Advisory issued May 6 at 12:55AM MDT until May 7 at 12:00AM MDT by NWS Pueblo CO","2026-05-06T00:55:00-06:00","2026-05-06T09:00:00-06:00","NWS Pueblo CO"
"4143987","37.45816","-104.83589","Freeze Warning","Moderate","Expected","Likely","Freeze Warning issued May 6 at 12:55AM MDT until May 7 at 8:00AM MDT by NWS Pueblo CO","2026-05-07T00:00:00-06:00","2026-05-06T09:00:00-06:00","NWS Pueblo CO"
"5085660","38.16725","-105.43586","Winter Weather Advisory","Moderate","Expected","Likely","Winter Weather Advisory issued May 6 at 12:55AM MDT until May 7 at 12:00AM MDT by NWS Pueblo CO","2026-05-06T00:55:00-06:00","2026-05-06T09:00:00-06:00","NWS Pueblo CO"
"6066078","40.25458","-104.1107","Freeze Warning","Moderate","Expected","Likely","Freeze Warning issued May 6 at 12:38AM MDT until May 7 at 8:00AM MDT by NWS Denver CO","2026-05-06T20:00:00-06:00","2026-05-06T15:45:00-06:00","NWS Denver CO"
"6066078","40.25458","-104.1107","Winter Weather Advisory","Moderate","Expected","Likely","Winter Weather Advisory issued May 6 at 12:37AM MDT until May 6 at 3:00PM MDT by NWS Denver CO","2026-05-06T00:37:00-06:00","2026-05-06T12:45:00-06:00","NWS Denver CO"
"5277626","40.43826","-104.93693","Freeze Warning","Moderate","Expected","Likely","Freeze Warning issued May 6 at 12:38AM MDT until May 7 at 8:00AM MDT by NWS Denver CO","2026-05-06T20:00:00-06:00","2026-05-06T15:45:00-06:00","NWS Denver CO"
"5277626","40.43826","-104.93693","Winter Weather Advisory","Moderate","Expected","Likely","Winter Weather Advisory issued May 6 at 12:37AM MDT until May 6 at 3:00PM MDT by NWS Denver CO","2026-05-06T00:37:00-06:00","2026-05-06T12:45:00-06:00","NWS Denver CO"
"5586685","40.47404","-104.84927","Freeze Warning","Moderate","Expected","Likely","Freeze Warning issued May 6 at 12:38AM MDT until May 7 at 8:00AM MDT by NWS Denver CO","2026-05-06T20:00:00-06:00","2026-05-06T15:45:00-06:00","NWS Denver CO"
"5586685","40.47404","-104.84927","Winter Weather Advisory","Moderate","Expected","Likely","Winter Weather Advisory issued May 6 at 12:37AM MDT until May 6 at 3:00PM MDT by NWS Denver CO","2026-05-06T00:37:00-06:00","2026-05-06T12:45:00-06:00","NWS Denver CO"
"3787047","40.5294","-104.93156","Freeze Warning","Moderate","Expected","Likely","Freeze Warning issued May 6 at 12:38AM MDT until May 7 at 8:00AM MDT by NWS Denver CO","2026-05-06T20:00:00-06:00","2026-05-06T15:45:00-06:00","NWS Denver CO"
"3787047","40.5294","-104.93156","Winter Weather Advisory","Moderate","Expected","Likely","Winter Weather Advisory issued May 6 at 12:37AM MDT until May 6 at 3:00PM MDT by NWS Denver CO","2026-05-06T00:37:00-06:00","2026-05-06T12:45:00-06:00","NWS Denver CO"
"6114848","40.2916","-90.0543","Flood Warning","Severe","Immediate","Observed","Flood Warning issued May 5 at 8:17PM CDT until May 12 at 1:00AM CDT by NWS Lincoln IL","2026-05-05T20:17:00-05:00","2026-05-06T12:30:00-05:00","NWS Lincoln IL"
"3373580","42.48732","-89.02841","Flood Warning","Severe","Immediate","Observed","Flood Warning issued May 6 at 3:04AM CDT until May 7 at 1:00PM CDT by NWS Milwaukee/Sullivan WI","2026-05-06T03:04:00-05:00","2026-05-06T15:15:00-05:00","NWS Milwaukee/Sullivan WI"
"2766959","42.52938","-89.04097","Frost Advisory","Minor","Expected","Likely","Frost Advisory issued May 6 at 4:46AM CDT until May 6 at 8:00AM CDT by NWS Milwaukee/Sullivan WI","2026-05-06T04:46:00-05:00","2026-05-06T08:00:00-05:00","NWS Milwaukee/Sullivan WI"
"2766959","42.52938","-89.04097","Flood Warning","Severe","Immediate","Observed","Flood Warning issued May 6 at 3:04AM CDT until May 7 at 1:00PM CDT by NWS Milwaukee/Sullivan WI","2026-05-06T03:04:00-05:00","2026-05-06T15:15:00-05:00","NWS Milwaukee/Sullivan WI"
"5427121","43.32193","-88.93071","Frost Advisory","Minor","Expected","Likely","Frost Advisory issued May 6 at 4:46AM CDT until May 6 at 8:00AM CDT by NWS Milwaukee/Sullivan WI","2026-05-06T04:46:00-05:00","2026-05-06T08:00:00-05:00","NWS Milwaukee/Sullivan WI"
"2706328","43.4377","-91.20316","Frost Advisory","Minor","Expected","Likely","Frost Advisory issued May 6 at 12:38AM CDT until May 6 at 8:00AM CDT by NWS La Crosse WI","2026-05-06T02:00:00-05:00","2026-05-06T08:00:00-05:00","NWS La Crosse WI"
"3678439","42.90562","-88.84267","Frost Advisory","Minor","Expected","Likely","Frost Advisory issued May 6 at 4:46AM CDT until May 6 at 8:00AM CDT by NWS Milwaukee/Sullivan WI","2026-05-06T04:46:00-05:00","2026-05-06T08:00:00-05:00","NWS Milwaukee/Sullivan WI"
"3327048","43.43638","-88.62702","Frost Advisory","Minor","Expected","Likely","Frost Advisory issued May 6 at 4:46AM CDT until May 6 at 8:00AM CDT by NWS Milwaukee/Sullivan WI","2026-05-06T04:46:00-05:00","2026-05-06T08:00:00-05:00","NWS Milwaukee/Sullivan WI"
"3837759","43.46411","-88.70303","Frost Advisory","Minor","Expected","Likely","Frost Advisory issued May 6 at 4:46AM CDT until May 6 at 8:00AM CDT by NWS Milwaukee/Sullivan WI","2026-05-06T04:46:00-05:00","2026-05-06T08:00:00-05:00","NWS Milwaukee/Sullivan WI"
"3759338","42.70857","-88.96573","Frost Advisory","Minor","Expected","Likely","Frost Advisory issued May 6 at 4:46AM CDT until May 6 at 8:00AM CDT by NWS Milwaukee/Sullivan WI","2026-05-06T04:46:00-05:00","2026-05-06T08:00:00-05:00","NWS Milwaukee/Sullivan WI"
"293498","43.0578","-88.7918","Frost Advisory","Minor","Expected","Likely","Frost Advisory issued May 6 at 4:46AM CDT until May 6 at 8:00AM CDT by NWS Milwaukee/Sullivan WI","2026-05-06T04:46:00-05:00","2026-05-06T08:00:00-05:00","NWS Milwaukee/Sullivan WI"
"3194930","42.78466","-88.95923","Frost Advisory","Minor","Expected","Likely","Frost Advisory issued May 6 at 4:46AM CDT until May 6 at 8:00AM CDT by NWS Milwaukee/Sullivan WI","2026-05-06T04:46:00-05:00","2026-05-06T08:00:00-05:00","NWS Milwaukee/Sullivan WI"
"4884973","42.93206","-88.58214","Frost Advisory","Minor","Expected","Likely","Frost Advisory issued May 6 at 4:46AM CDT until May 6 at 8:00AM CDT by NWS Milwaukee/Sullivan WI","2026-05-06T04:46:00-05:00","2026-05-06T08:00:00-05:00","NWS Milwaukee/Sullivan WI"
"4225194","43.51527","-88.45789","Frost Advisory","Minor","Expected","Likely","Frost Advisory issued May 6 at 4:46AM CDT until May 6 at 8:00AM CDT by NWS Milwaukee/Sullivan WI","2026-05-06T04:46:00-05:00","2026-05-06T08:00:00-05:00","NWS Milwaukee/Sullivan WI"
"3712478","43.1089","-88.74273","Frost Advisory","Minor","Expected","Likely","Frost Advisory issued May 6 at 4:46AM CDT until May 6 at 8:00AM CDT by NWS Milwaukee/Sullivan WI","2026-05-06T04:46:00-05:00","2026-05-06T08:00:00-05:00","NWS Milwaukee/Sullivan WI"
"2423212","43.1865","-88.71144","Frost Advisory","Minor","Expected","Likely","Frost Advisory issued May 6 at 4:46AM CDT until May 6 at 8:00AM CDT by NWS Milwaukee/Sullivan WI","2026-05-06T04:46:00-05:00","2026-05-06T08:00:00-05:00","NWS Milwaukee/Sullivan WI"